{"altmetric_id":26303796,"counts":{"readers":{"mendeley":0,"citeulike":0,"connotea":0},"total":{"posts_count":1},"policy":{"unique_users_count":1,"unique_users":["sign"],"posts_count":1}},"citation":{"altmetric_jid":"4f6fa4ea3cf058f6100024b4","authors":["H. Gisselsson","D. Birkhed","A.-L. Bj\u00f6rn"],"doi":"10.1159\/000262008","first_seen_on":"2017-09-19T10:46:30+00:00","issns":["1421-976X","0008-6568"],"journal":"Caries Research","last_mentioned_on":1388534400,"links":["http:\/\/dx.doi.org\/10.1159\/000262008"],"publisher_subjects":[{"name":"Dentistry","scheme":"era"}],"scopus_subjects":["Dentistry","Health Sciences"],"title":"Effect of a 3-Year Professional Flossing Program with Chlorhexidine Gel on Approximal Caries and Cost of Treatment in Preschool Children","type":"article"},"altmetric_score":{"score":3,"score_history":{"1y":0,"6m":0,"3m":0,"1m":0,"1w":0,"6d":0,"5d":0,"4d":0,"3d":0,"2d":0,"1d":0,"at":3},"context_for_score":{"all":{"total_number_of_other_articles":8398082,"mean":7.0731310424293,"rank":2155106,"this_scored_higher_than_pct":60,"this_scored_higher_than":5096910,"rank_type":"exact","sample_size":8398082,"percentile":60},"similar_age_3m":{"total_number_of_other_articles":92278,"mean":11.601495757339,"rank":27871,"this_scored_higher_than_pct":69,"this_scored_higher_than":63804,"rank_type":"exact","sample_size":92278,"percentile":69},"this_journal":{"total_number_of_other_articles":471,"mean":4.6688042553191,"rank":120,"this_scored_higher_than_pct":35,"this_scored_higher_than":169,"rank_type":"exact","sample_size":471,"percentile":35},"similar_age_this_journal_3m":{"total_number_of_other_articles":1,"mean":0,"rank":1,"this_scored_higher_than_pct":1,"this_scored_higher_than":0,"rank_type":"exact","sample_size":1,"percentile":1}}},"demographics":[],"posts":{"policy":[{"title":"Dental interventions to prevent caries in children","url":"http:\/\/www.sign.ac.uk\/pdf\/SIGN138.pdf","license":"public","citation_ids":[931579,931580,26303770,26303772,26303775,26303778,2563317,26303782,26303784,26303786,1102782,26303789,26303792,26303796,26303797,904768,219877,26303800,26303805,1604913,1514747,26303810,1830354,9686550,9686589,26303817,26303842,26303844,26303848,12681133,886652,26303875,4102707,26303881,4034708,15785326,15590733,1156413,8246014,15785318,2983805,15785278,2677592,501033,26303889,951510,748233,26303893,26303898,26303902,26303907,26303908,26303909,26303910,26303913,26303916,26303917,26303919,26303922,26303925,26303928,15802007,8252900,18119027,3114164],"posted_on":"2014-01-01T00:00:00+00:00","source":{"name":"Scottish Intercollegiate Guidelines Network","description":"The Scottish Intercollegiate Guidelines Network (SIGN) develops evidence based clinical practice guidelines for the National Health Service (NHS) in Scotland.","geo":{"country":"GB"}},"page_url":"http:\/\/www.sign.ac.uk\/guidelines\/fulltext\/138\/index.html","collections":[],"author":{"image":"https:\/\/s3.amazonaws.com\/cache.altmetric.com\/policy\/thumbnails\/thumbnail-d626187ded9e75ab872741fb535fcae6b0e0a02e1469a32201da2c62bc028b87.jpg"}}]}}