{"altmetric_id":16161483,"counts":{"readers":{"mendeley":0,"citeulike":0,"connotea":0},"total":{"posts_count":1},"policy":{"unique_users_count":1,"unique_users":["cdc"],"posts_count":1}},"citation":{"altmetric_jid":"4f6fa50c3cf058f610003183","authors":["G. Gubertini","D. Scorza","M. Beccari","G. Buccianti","A. Costantino","D. Spotti","G. Graziani"],"doi":"10.1159\/000186902","first_seen_on":"2017-02-06T06:19:00+00:00","issns":["1660-8151","2235-3186"],"journal":"Nephron Physiology","last_mentioned_on":978307200,"links":["http:\/\/dx.doi.org\/10.1159\/000186902"],"scopus_subjects":["Health Sciences","Medicine","Life Sciences","Biochemistry, Genetics and Molecular Biology"],"title":"Prevalence of Hepatitis C Virus Antibodies in Hemodialysis Patients in the Area of Milan","type":"article","uri":"http:\/\/www.karger.com\/?doi=10.1159\/000186902"},"altmetric_score":{"score":3,"score_history":{"1y":0,"6m":0,"3m":0,"1m":0,"1w":0,"6d":0,"5d":0,"4d":0,"3d":0,"2d":0,"1d":0,"at":3},"context_for_score":{"all":{"total_number_of_other_articles":7115033,"mean":6.3010713551224,"rank":1677779,"this_scored_higher_than_pct":64,"this_scored_higher_than":4574394,"rank_type":"exact","sample_size":7115033,"percentile":64},"similar_age_3m":{"total_number_of_other_articles":93155,"mean":11.022459776285,"rank":28662,"this_scored_higher_than_pct":67,"this_scored_higher_than":62927,"rank_type":"exact","sample_size":93155,"percentile":67},"this_journal":{"total_number_of_other_articles":463,"mean":2.9668614718615,"rank":76,"this_scored_higher_than_pct":63,"this_scored_higher_than":296,"rank_type":"exact","sample_size":463,"percentile":63},"similar_age_this_journal_3m":{"total_number_of_other_articles":5,"mean":0.8125,"rank":1,"this_scored_higher_than_pct":80,"this_scored_higher_than":4,"rank_type":"exact","sample_size":5,"percentile":80}}},"demographics":[],"posts":{"policy":[{"title":"Recommendations for preventing transmission of infections among chronic hemodialysis patients","url":"https:\/\/stacks.cdc.gov\/view\/cdc\/13528\/cdc_13528_DS1.pdf","license":"public","citation_ids":[16161434,8838847,16161436,16152574,16161439,16161440,16161441,20431626,4317247,16161444,16161445,3207105,16152520,14725255,743098,16161451,16161452,16161454,16161455,20431627,16161458,16161460,2839808,1238680,16161463,16161464,16161465,16161466,16161467,16161469,16161470,16161472,1928315,16161473,16161474,6872585,16161476,16161477,16161478,16161479,16161480,16161481,16161482,16161483,16161485,16161486,16161487,16161488,16161489,16161490,16161492,16161494,16161495,14597827,16194290,16161496,16161498,16161499,15354756,16161500,16161501,16161503,16161504,16161505,15733073,3664419,15362680,16161506,16161507,16161508,16161510,16161512,6155112,401022,16757622,16153417,5789430,5745895,16161516,15354748,16161519,16161521,15354747,16161522,16161523,16157560,16161525,15590815,15749729,16157671,16157667,16157674,16810589,16157690,15794138,16161528,16157696,16157701,16157704,3280599,9019973,16157712,14598072,16161530,16161531,16161532,5682076,16782536,1075402,16157658,15661951,14599540,8838845,16161533,16161534,16161536,16161538,16161540,16161542,16161544,16161547,16161548,16161549,15013855,18156899,16161552],"posted_on":"2001-01-01T00:00:00+00:00","source":{"name":"Centers for Disease Control and Prevention (CDC)","description":"CDC is America\u2019s leading public health agency, dedicated to saving and protecting the health of Americans. CDC monitors health, informs decisionmakers, and provides people with information so they can take responsibility for their own health.","geo":{"country":"US"}},"page_url":"https:\/\/stacks.cdc.gov\/view\/cdc\/13528","collections":[],"author":{"image":"https:\/\/s3.amazonaws.com\/cache.altmetric.com\/policy\/thumbnails\/thumbnail-4a1dfad54554fa6eef6d204303df96494cb70bff81533de44a9d7999b77099b6.jpg"}}]}}