{"altmetric_id":16909678,"citation":{"altmetric_jid":"repec","first_seen_on":"2017-03-02T00:16:21+00:00","handles":[],"isbns":[],"issns":[],"journal":"Research Papers in Economics (RePEc)","last_mentioned_on":1136073600,"links":["http:\/\/ideas.repec.org\/p\/ias\/cpaper\/01-sr93.html"],"publisher":"Center for Agricultural and Rural Development (CARD) at Iowa State University","repec":"RePEc:ias:cpaper:01-sr93","title":"Evaluation of the Costs and Benefits of Iowa's Expanded Food and Nutrition Education Program (EFNEP): Final Report, An","type":"article"},"altmetric_score":{"score":3,"score_history":{"1y":0,"6m":0,"3m":0,"1m":0,"1w":0,"6d":0,"5d":0,"4d":0,"3d":0,"2d":0,"1d":0,"at":3},"context_for_score":{"all":{"total_number_of_other_articles":7325869,"mean":6.3768565404091,"rank":1747126,"this_scored_higher_than_pct":62,"this_scored_higher_than":4612200,"rank_type":"exact","sample_size":7325869,"percentile":62},"similar_age_3m":{"total_number_of_other_articles":92424,"mean":12.621621306385,"rank":30453,"this_scored_higher_than_pct":65,"this_scored_higher_than":60335,"rank_type":"exact","sample_size":92424,"percentile":65},"this_journal":{"total_number_of_other_articles":9485,"mean":4.7349057359764,"rank":3549,"this_scored_higher_than_pct":52,"this_scored_higher_than":5015,"rank_type":"exact","sample_size":9485,"percentile":52},"similar_age_this_journal_3m":{"total_number_of_other_articles":328,"mean":2.9911804281346,"rank":36,"this_scored_higher_than_pct":35,"this_scored_higher_than":118,"rank_type":"exact","sample_size":328,"percentile":35}}},"demographics":[],"counts":{"total":{"posts_count":1},"policy":{"unique_users_count":1,"unique_users":["cdc"],"posts_count":1}},"posts":{"policy":[{"title":"A Purchaser's guide to clinical preventive services; moving science into coverage","url":"https:\/\/stacks.cdc.gov\/view\/cdc\/11422\/cdc_11422_DS1.pdf","license":"public","citation_ids":[274016,16200376,14585712,14715202,15358149,14712891,766892,15782021,16909574,15782215,16222274,16909576,16703337,16190635,15016171,4630513,16154891,2627571,16161721,14722230,16909577,16909578,3100593,3199179,16161718,14590137,16909579,16909580,16792468,16171338,20421023,16909598,16909600,2459529,16909601,4769846,16909602,16909603,11979412,11979408,15001235,16220871,16909605,15774339,15333516,1738779,4823874,3248368,981832,16909607,14489806,4626772,16700368,2329769,8516650,206764,1856127,151187,730654,16909608,1484558,5573819,416902,16909609,3255325,3255319,410578,16909610,14716385,16909611,16909612,16150022,4627528,16155257,8779428,583690,16909613,16172057,16909614,16702443,3152410,15732514,3184032,20421037,16909617,16909618,15021188,16199423,126818,5758938,2101724,126761,126809,1789954,16909619,16909620,14725899,5808836,16198350,3311850,1985808,2750596,1819714,16215983,16909622,16909623,14983889,16909624,15780698,2415348,16909626,15633756,14716635,16909628,5456806,16700746,5892938,16909629,16909630,14724426,15063295,16909631,16150017,16909632,16909633,16909594,1585910,3325419,3886806,3181147,6289997,15333514,14585780,16909635,12088536,14716333,16909636,14718018,1280192,2300630,8785250,2428349,15755768,20421041,446612,2495820,2773569,14582229,16152403,15024373,16223467,1530981,16909637,16909638,2414925,16909639,16909640,16909641,16178159,16909642,16909644,16909646,20421053,395825,20421054,16909647,15346321,2659321,4628457,3068916,17844130,16164169,4315525,3199741,16772734,16192500,15375428,1420149,16161324,110516,14589959,15043807,14589908,14489858,16772871,16772877,16616918,1645226,786118,16909649,14589953,16750627,3675284,16868329,2029820,381295,16909650,15786845,16909651,16909652,5313013,2760898,1386032,16909655,3169803,1233068,16909656,16909657,16909658,12974261,14502017,16223469,16909661,20421059,1974027,1321890,15772003,16909662,15006198,14981866,16150119,14981802,8315188,15780675,14510042,5815356,4742208,14577813,16909665,16909666,14725651,8417650,16909582,16722970,4154920,16160229,14718379,22804333,16909583,16149065,16182672,5156215,16909585,16909586,16909587,16909589,16909590,264840,3636053,14983459,16598416,16909592,1570940,16702463,3362214,8360689,16909593,269865,2415248,15780462,14981716,14598856,2415259,16909595,15664930,14720514,3682156,15380347,16909596,16909597,221216,673912,16909667,16909668,16909669,16330949,16909670,16909671,5496810,16828778,16909674,3198625,119662,410758,706696,1065258,16223427,246422,16909675,8423084,16909678,16909681],"posted_on":"2006-01-01T00:00:00+00:00","source":{"name":"Centers for Disease Control and Prevention (CDC)","description":"CDC is America\u2019s leading public health agency, dedicated to saving and protecting the health of Americans. CDC monitors health, informs decisionmakers, and provides people with information so they can take responsibility for their own health.","geo":{"country":"US"}},"page_url":"https:\/\/stacks.cdc.gov\/view\/cdc\/11422","collections":[],"author":{"image":"https:\/\/s3.amazonaws.com\/cache.altmetric.com\/policy\/thumbnails\/thumbnail-50d7c83b057212d97e215915ef40bc5903fffd8809a9b4439074e65b3838ae2f.jpg"}}]}}