{"altmetric_id":18253219,"counts":{"readers":{"mendeley":0,"citeulike":0,"connotea":0},"total":{"posts_count":1},"policy":{"unique_users_count":1,"unique_users":["nap"],"posts_count":1}},"citation":{"altmetric_jid":"4f6fa5133cf058f610003470","authors":["M. Newhouse","Myrna Dolovich"],"doi":"10.1159\/000195110","first_seen_on":"2017-03-30T04:50:54+00:00","issns":["0025-7931","1423-0356"],"journal":"Respiration","last_mentioned_on":662688000,"links":["http:\/\/dx.doi.org\/10.1159\/000195110"],"publisher_subjects":[{"name":"Cardiovascular Medicine And Haematology","scheme":"era"}],"scopus_subjects":["Medicine","Health Sciences"],"title":"Aerosol Therapy of Asthma: Principles and Applications","type":"article","uri":"http:\/\/www.karger.com\/?doi=10.1159\/000195110"},"altmetric_score":{"score":3,"score_history":{"1y":0,"6m":0,"3m":0,"1m":0,"1w":0,"6d":0,"5d":0,"4d":0,"3d":0,"2d":0,"1d":0,"at":3},"context_for_score":{"all":{"total_number_of_other_articles":7459052,"mean":6.4785367572859,"rank":1796604,"this_scored_higher_than_pct":62,"this_scored_higher_than":4672720,"rank_type":"exact","sample_size":7459052,"percentile":62},"similar_age_3m":{"total_number_of_other_articles":94028,"mean":12.726799344869,"rank":30864,"this_scored_higher_than_pct":66,"this_scored_higher_than":62098,"rank_type":"exact","sample_size":94028,"percentile":66},"this_journal":{"total_number_of_other_articles":420,"mean":2.2473412887828,"rank":54,"this_scored_higher_than_pct":63,"this_scored_higher_than":266,"rank_type":"exact","sample_size":420,"percentile":63},"similar_age_this_journal_3m":{"total_number_of_other_articles":4,"mean":1.8,"rank":2,"this_scored_higher_than_pct":50,"this_scored_higher_than":2,"rank_type":"exact","sample_size":4,"percentile":50}}},"demographics":[],"posts":{"policy":[{"title":"Comparative Dosimetry of Radon in Mines and Homes","url":"https:\/\/www.nap.edu\/download\/1799","license":"public","citation_ids":[21722251,16670120,16670121,6674023,14568914,16670122,16670123,14721456,16670124,16220769,16670125,14960935,14960936,16670126,20485219,16670128,14721547,16670129,16670130,14721561,16670131,16670132,16192859,16670133,16670134,16670135,16670136,16670137,16670138,16670139,14586962,16670140,14583814,16192704,14721445,16192707,16670142,16670143,16670144,408345,16151577,16670219,14729820,16670220,14977095,14729810,16670221,16670222,16670223,760669,14593942,16670224,15828596,16670225,16670226,16670227,14596293,16670228,14955909,16670229,16670230,16670231,16670232,18253219,14983246,14721565,20485230,15012042,16670234,14721575,16670235,16670236,16670239,16670241,16670215,16670244,16670245,16670246,16670145,16670146,14721455,14721457,16670147,14721461,16670148,16670149,14983292,14576197,16670150,14579392,16670151,16670152,20485233,16670153,16670154,16670155,16670156,14721601,14721602,16670157,16670158,16670159,15324814,6673357,16670161,14721637,16670163,14984905,16670164,16670165,16659393,6675433,16670168,6675458,16670170,16670171,16670172,16670173,16670174,16670175,16670176,16151478,16670177,16670178,16670179,14983241,16670180,16220127,16670181,16670182,16670183,16670184,16670185,16670186,16670187,16192760,16151586,16670188,16670189,16670190,16670191,16670192,16670193,14721563,16670194,16670195,16670196,16670197,14729867,14955910,16670198,16670199,16670200,16670201,16670202,16670203,16221247,14596531,16670204,16670205,16670206,16670207,16670208,16670209,16667741,16670210,16670211,14571423,14509735,16670212,16670213,16670214,14960925,16670216,14721598,16670217,14721645,16670218,14590818,3294349,14590878,14721704,16670248],"posted_on":"1991-01-01T00:00:00+00:00","source":{"name":"National Academies Press","description":"The US National Academies Press (NAP) was created by the National Academy of Sciences to publish the reports of the National Academies of Sciences, Engineering and Medicine, operating under a charter granted by the Congress of the United States. The NAP publishes on a wide range of topics in science, engineering, and medicine, providing authoritative information on important matters in science and health policy.","geo":{"country":"US"}},"page_url":"https:\/\/www.nap.edu\/catalog\/1799\/comparative-dosimetry-of-radon-in-mines-and-homes","collections":[],"author":{"image":"https:\/\/s3.amazonaws.com\/cache.altmetric.com\/policy\/thumbnails\/thumbnail-a3da52435baac6abd2cab3240d01dd811e4b3cb12058cdbf17cf7ed3e71749d3.jpg"}}]}}