{"altmetric_id":20516887,"counts":{"readers":{"mendeley":7,"citeulike":0,"connotea":0},"total":{"posts_count":17},"twitter":{"unique_users_count":5,"unique_users":["GlobalizationsJ","Rout_PoliticsIR","FlavioRocha1","rbleiker","ZenPublisher"],"posts_count":10},"facebook":{"unique_users_count":1,"unique_users":["59321208735"],"posts_count":7}},"selected_quotes":["Take a look at the latest special issue of Globalizations focusing on cosmopolitanism and global protests","Tamara Caraus Camil-Alexandru Parvu: Cosmopolitanism and Global Protests"],"citation":{"altmetric_jid":"4f6fa4d93cf058f610001481","authors":["Tamara Caraus","Camil-Alexandru Parvu"],"doi":"10.1080\/14747731.2016.1217620","first_seen_on":"2017-05-26T04:14:23+00:00","issns":["1474-7731","1474-774X"],"journal":"Globalizations","last_mentioned_on":1505768453,"links":["http:\/\/www.tandfonline.com\/doi\/full\/10.1080\/14747731.2016.1217620?utm_content=buffer1462a&utm_medium=social&utm_source=twitter.com&utm_campaign=buffer","http:\/\/tandfonline.com\/doi\/full\/10.1080\/14747731.2016.1217620?hootPostID=8b9261f027bae8f3ffc02c02e952e678","http:\/\/tandfonline.com\/doi\/full\/10.1080\/14747731.2016.1217620?hootPostID=1247bcf0548400f2ae1d603ccdba6996","http:\/\/tandfonline.com\/doi\/full\/10.1080\/14747731.2016.1217620?hootPostID=d957647f1eb896a4bad1a1d5496b014b","http:\/\/tandfonline.com\/doi\/full\/10.1080\/14747731.2016.1217620?hootPostID=7e72e7a3df9c94236a30c42bffcb5489","http:\/\/tandfonline.com\/doi\/full\/10.1080\/14747731.2016.1217620?hootPostID=a1875d537743a6136cb3b7e49edd8bf2","http:\/\/tandfonline.com\/doi\/full\/10.1080\/14747731.2016.1217620?hootPostID=4e3ac79d2b6e0c3fe18586cca0d498a7","http:\/\/tandfonline.com\/doi\/full\/10.1080\/14747731.2016.1217620?hootPostID=17c89a328fecd54f3ac3188a97d1b509","http:\/\/tandfonline.com\/doi\/full\/10.1080\/14747731.2016.1217620?hootPostID=bce0f8c9bb09363dec26dca558aa8bdd","http:\/\/tandfonline.com\/doi\/full\/10.1080\/14747731.2016.1217620?hootPostID=985bc63c8132d337714561e35e162a17","http:\/\/tandfonline.com\/doi\/full\/10.1080\/14747731.2016.1217620?hootPostID=0120c4c56b095b61f39549a52e781f63","http:\/\/tandfonline.com\/doi\/full\/10.1080\/14747731.2016.1217620?hootPostID=b8c23d8ed2aee3548a2f767b5bf0ee0e","http:\/\/tandfonline.com\/doi\/full\/10.1080\/14747731.2016.1217620?hootPostID=8793ce4d0dfcf2aa783174cb5fc47e63","http:\/\/tandfonline.com\/doi\/full\/10.1080\/14747731.2016.1217620?hootPostID=6431879f8fb1d7c1e0d9995621ff8b10"],"pubdate":"2017-07-29T00:00:00+00:00","publisher":"Routledge","publisher_subjects":[{"name":"Multidisciplinary","scheme":"era"}],"title":"Cosmopolitanism and Global Protests","type":"article","mendeley_url":"http:\/\/www.mendeley.com\/research\/cosmopolitanism-global-protests"},"altmetric_score":{"score":2.5,"score_history":{"1y":2.5,"6m":2.5,"3m":1.5,"1m":0.5,"1w":0,"6d":0,"5d":0,"4d":0,"3d":0,"2d":0,"1d":0,"at":2.5},"context_for_score":{"all":{"total_number_of_other_articles":8430718,"mean":7.0909734033215,"rank":3446958,"this_scored_higher_than_pct":58,"this_scored_higher_than":4923903,"rank_type":"exact","sample_size":8430718,"percentile":58},"similar_age_3m":{"total_number_of_other_articles":245126,"mean":12.604732050994,"rank":90962,"this_scored_higher_than_pct":62,"this_scored_higher_than":152219,"rank_type":"exact","sample_size":245126,"percentile":62},"this_journal":{"total_number_of_other_articles":275,"mean":5.3188248175182,"rank":105,"this_scored_higher_than_pct":61,"this_scored_higher_than":169,"rank_type":"exact","sample_size":275,"percentile":61},"similar_age_this_journal_3m":{"total_number_of_other_articles":7,"mean":1.1166666666667,"rank":1,"this_scored_higher_than_pct":85,"this_scored_higher_than":6,"rank_type":"exact","sample_size":7,"percentile":85}}},"demographics":{"poster_types":{"member_of_the_public":2,"researcher":2,"science_communicator":1},"users":{"twitter":{"cohorts":{"Science communicators (journalists, bloggers, editors)":1,"Members of the public":2,"Scientists":2}},"mendeley":{"by_status":{"Researcher":2,"Student  > Ph. D. Student":1,"Student  > Master":2,"Student  > Bachelor":1,"Professor":1},"by_discipline":{"Social Sciences":5,"Arts and Humanities":2}}},"geo":{"twitter":{"GB":1,"BR":1,"AU":1},"mendeley":{"ID":2}}},"posts":{"twitter":[{"url":"http:\/\/twitter.com\/GlobalizationsJ\/statuses\/867705581481721856","license":"gnip","citation_ids":[20516887],"posted_on":"2017-05-25T11:35:06+00:00","author":{"name":"Globalizations","url":"http:\/\/www.tandfonline.com\/rglo","image":"https:\/\/pbs.twimg.com\/profile_images\/763179227818569728\/CmUc8Afp_normal.jpg","description":"Globalizations is a journal dedicated to opening the widest possible space for discussion of  alternatives to narrow understandings of global processes.","id_on_source":"GlobalizationsJ","tweeter_id":"746745875058335744","geo":{"lt":null,"ln":null},"followers":752},"tweet_id":"867705581481721856"},{"url":"http:\/\/twitter.com\/Rout_PoliticsIR\/statuses\/874197184446648320","license":"gnip","citation_ids":[20516887],"posted_on":"2017-06-12T09:30:25+00:00","author":{"name":"Routledge Politics","url":"http:\/\/bit.ly\/RoutledgePolitics","image":"https:\/\/pbs.twimg.com\/profile_images\/894503591133794304\/1bpHEWXi_normal.jpg","description":"Discover the latest academic research, free access offers and discussion in Politics and International Relations with Routledge.","id_on_source":"Rout_PoliticsIR","tweeter_id":"250053977","geo":{"lt":51.75222,"ln":-1.25596,"country":"GB"},"followers":11858},"tweet_id":"874197184446648320"},{"url":"http:\/\/twitter.com\/FlavioRocha1\/statuses\/874201040022908928","license":"gnip","rt":["Rout_PoliticsIR"],"citation_ids":[20516887],"posted_on":"2017-06-12T09:45:44+00:00","author":{"name":"Fl\u00e1vio Rocha","image":"https:\/\/pbs.twimg.com\/profile_images\/715978862765686785\/1TeFrWPG_normal.jpg","description":"Cientista Pol\u00edtico. Professor da UFABC\/BRIs. E cada vez acreditando mais que o Plano B sempre leva vantagem sobre o Plano Original...","id_on_source":"FlavioRocha1","tweeter_id":"51580676","geo":{"lt":-10,"ln":-55,"country":"BR"},"followers":489},"tweet_id":"874201040022908928"},{"url":"http:\/\/twitter.com\/Rout_PoliticsIR\/statuses\/877549550688509952","license":"gnip","citation_ids":[20516887],"posted_on":"2017-06-21T15:31:31+00:00","author":{"name":"Routledge Politics","url":"http:\/\/bit.ly\/RoutledgePolitics","image":"https:\/\/pbs.twimg.com\/profile_images\/894503591133794304\/1bpHEWXi_normal.jpg","description":"Discover the latest academic research, free access offers and discussion in Politics and International Relations with Routledge.","id_on_source":"Rout_PoliticsIR","tweeter_id":"250053977","geo":{"lt":51.75222,"ln":-1.25596,"country":"GB"},"followers":11858},"tweet_id":"877549550688509952"},{"url":"http:\/\/twitter.com\/Rout_PoliticsIR\/statuses\/880659716283805697","license":"gnip","citation_ids":[20516887],"posted_on":"2017-06-30T05:30:12+00:00","author":{"name":"Routledge Politics","url":"http:\/\/bit.ly\/RoutledgePolitics","image":"https:\/\/pbs.twimg.com\/profile_images\/894503591133794304\/1bpHEWXi_normal.jpg","description":"Discover the latest academic research, free access offers and discussion in Politics and International Relations with Routledge.","id_on_source":"Rout_PoliticsIR","tweeter_id":"250053977","geo":{"lt":51.75222,"ln":-1.25596,"country":"GB"},"followers":11858},"tweet_id":"880659716283805697"},{"url":"http:\/\/twitter.com\/Rout_PoliticsIR\/statuses\/882709453799337984","license":"gnip","citation_ids":[20516887],"posted_on":"2017-07-05T21:15:08+00:00","author":{"name":"Routledge Politics","url":"http:\/\/bit.ly\/RoutledgePolitics","image":"https:\/\/pbs.twimg.com\/profile_images\/894503591133794304\/1bpHEWXi_normal.jpg","description":"Discover the latest academic research, free access offers and discussion in Politics and International Relations with Routledge.","id_on_source":"Rout_PoliticsIR","tweeter_id":"250053977",